Country,Year,Medal,Count
AFG,2008,Bronze,1
AFG,2012,Bronze,1
AHO,1988,Silver,1
ALG,1984,Bronze,2
ALG,1992,Bronze,1
ALG,1992,Gold,1
ALG,1996,Bronze,1
ALG,1996,Gold,2
ALG,2000,Bronze,3
ALG,2000,Gold,1
ALG,2000,Silver,1
ALG,2008,Bronze,1
ALG,2008,Silver,1
ALG,2012,Gold,1
ANZ,1908,Bronze,2
ANZ,1908,Gold,15
ANZ,1908,Silver,2
ANZ,1912,Bronze,3
ANZ,1912,Gold,5
ANZ,1912,Silver,2
ARG,1924,Bronze,2
ARG,1924,Gold,6
ARG,1924,Silver,3
ARG,1928,Bronze,5
ARG,1928,Gold,3
ARG,1928,Silver,24
ARG,1932,Gold,3
ARG,1932,Silver,1
ARG,1936,Bronze,4
ARG,1936,Gold,5
ARG,1936,Silver,2
ARG,1948,Bronze,1
ARG,1948,Gold,3
ARG,1948,Silver,8
ARG,1952,Bronze,2
ARG,1952,Gold,2
ARG,1952,Silver,2
ARG,1956,Bronze,1
ARG,1956,Silver,1
ARG,1960,Bronze,1
ARG,1960,Silver,3
ARG,1964,Silver,1
ARG,1968,Bronze,2
ARG,1972,Silver,1
ARG,1988,Bronze,12
ARG,1988,Silver,1
ARG,1992,Bronze,2
ARG,1996,Bronze,1
ARG,1996,Silver,19
ARG,2000,Bronze,3
ARG,2000,Silver,17
ARG,2004,Bronze,21
ARG,2004,Gold,26
ARG,2008,Bronze,31
ARG,2008,Gold,20
ARG,2012,Bronze,3
ARG,2012,Gold,1
ARG,2012,Silver,16
ARM,1996,Gold,1
ARM,1996,Silver,1
ARM,2000,Bronze,1
ARM,2008,Bronze,6
ARM,2012,Bronze,1
ARM,2012,Silver,1
AUS,1896,Gold,2
AUS,1900,Bronze,3
AUS,1900,Gold,2
AUS,1920,Bronze,1
AUS,1920,Silver,5
AUS,1924,Bronze,2
AUS,1924,Gold,3
AUS,1924,Silver,5
AUS,1928,Bronze,1
AUS,1928,Gold,1
AUS,1928,Silver,2
AUS,1932,Bronze,1
AUS,1932,Gold,3
AUS,1932,Silver,1
AUS,1936,Bronze,1
AUS,1948,Bronze,5
AUS,1948,Gold,2
AUS,1948,Silver,9
AUS,1952,Bronze,11
AUS,1952,Gold,7
AUS,1952,Silver,2
AUS,1956,Bronze,26
AUS,1956,Gold,23
AUS,1956,Silver,12
AUS,1960,Bronze,9
AUS,1960,Gold,10
AUS,1960,Silver,17
AUS,1964,Bronze,29
AUS,1964,Gold,8
AUS,1964,Silver,5
AUS,1968,Bronze,10
AUS,1968,Gold,5
AUS,1968,Silver,34
AUS,1972,Bronze,2
AUS,1972,Gold,11
AUS,1972,Silver,7
AUS,1976,Bronze,8
AUS,1976,Silver,16
AUS,1980,Bronze,5
AUS,1980,Gold,5
AUS,1980,Silver,2
AUS,1984,Bronze,29
AUS,1984,Gold,7
AUS,1984,Silver,14
AUS,1988,Bronze,10
AUS,1988,Gold,18
AUS,1988,Silver,6
AUS,1992,Bronze,16
AUS,1992,Gold,14
AUS,1992,Silver,27
AUS,1996,Bronze,84
AUS,1996,Gold,32
AUS,1996,Silver,16
AUS,2000,Bronze,54
AUS,2000,Gold,60
AUS,2000,Silver,69
AUS,2004,Bronze,30
AUS,2004,Gold,49
AUS,2004,Silver,78
AUS,2008,Bronze,76
AUS,2008,Gold,31
AUS,2008,Silver,42
AUS,2012,Bronze,59
AUS,2012,Gold,19
AUS,2012,Silver,36
AUT,1896,Bronze,2
AUT,1896,Gold,2
AUT,1896,Silver,1
AUT,1900,Bronze,3
AUT,1900,Silver,3
AUT,1904,Bronze,1
AUT,1908,Bronze,1
AUT,1912,Bronze,5
AUT,1912,Silver,9
AUT,1924,Bronze,1
AUT,1924,Silver,3
AUT,1928,Bronze,2
AUT,1928,Gold,2
AUT,1932,Bronze,3
AUT,1932,Gold,1
AUT,1932,Silver,1
AUT,1936,Bronze,4
AUT,1936,Gold,5
AUT,1936,Silver,41
AUT,1948,Bronze,3
AUT,1948,Gold,1
AUT,1952,Bronze,2
AUT,1952,Silver,1
AUT,1956,Bronze,4
AUT,1960,Gold,1
AUT,1960,Silver,2
AUT,1968,Bronze,3
AUT,1968,Silver,2
AUT,1972,Bronze,2
AUT,1972,Silver,1
AUT,1976,Bronze,1
AUT,1980,Bronze,1
AUT,1980,Gold,1
AUT,1980,Silver,3
AUT,1984,Bronze,1
AUT,1984,Gold,1
AUT,1984,Silver,1
AUT,1988,Gold,1
AUT,1992,Silver,6
AUT,1996,Bronze,2
AUT,1996,Silver,1
AUT,2000,Gold,3
AUT,2000,Silver,1
AUT,2004,Bronze,1
AUT,2004,Gold,3
AUT,2004,Silver,4
AUT,2008,Bronze,2
AUT,2008,Silver,1
AZE,1996,Silver,1
AZE,2000,Bronze,1
AZE,2000,Gold,2
AZE,2004,Bronze,4
AZE,2004,Gold,1
AZE,2008,Bronze,4
AZE,2008,Gold,1
AZE,2008,Silver,2
AZE,2012,Bronze,6
AZE,2012,Gold,2
AZE,2012,Silver,2
BAH,1956,Bronze,2
BAH,1964,Gold,2
BAH,1992,Bronze,1
BAH,1996,Silver,5
BAH,2000,Gold,6
BAH,2004,Bronze,1
BAH,2004,Gold,1
BAH,2008,Bronze,1
BAH,2008,Silver,4
BAH,2012,Gold,4
BAR,2000,Bronze,1
BDI,1996,Gold,1
BEL,1900,Bronze,15
BEL,1900,Gold,5
BEL,1900,Silver,19
BEL,1908,Bronze,6
BEL,1908,Gold,1
BEL,1908,Silver,24
BEL,1912,Bronze,9
BEL,1912,Gold,9
BEL,1912,Silver,1
BEL,1920,Bronze,65
BEL,1920,Gold,57
BEL,1920,Silver,66
BEL,1924,Bronze,6
BEL,1924,Gold,3
BEL,1924,Silver,29
BEL,1928,Bronze,4
BEL,1928,Silver,1
BEL,1936,Bronze,12
BEL,1948,Bronze,8
BEL,1948,Gold,4
BEL,1948,Silver,2
BEL,1952,Gold,4
BEL,1952,Silver,3
BEL,1956,Silver,2
BEL,1960,Bronze,2
BEL,1960,Silver,2
BEL,1964,Bronze,1
BEL,1964,Gold,2
BEL,1968,Bronze,2
BEL,1968,Silver,1
BEL,1972,Silver,2
BEL,1976,Bronze,6
BEL,1976,Silver,3
BEL,1980,Gold,1
BEL,1984,Bronze,2
BEL,1984,Gold,1
BEL,1984,Silver,2
BEL,1988,Bronze,2
BEL,1992,Bronze,2
BEL,1992,Silver,1
BEL,1996,Bronze,2
BEL,1996,Gold,2
BEL,1996,Silver,2
BEL,2000,Bronze,4
BEL,2000,Silver,3
BEL,2004,Bronze,2
BEL,2004,Gold,1
BEL,2008,Gold,1
BEL,2008,Silver,4
BEL,2012,Bronze,2
BEL,2012,Silver,1
BER,1976,Bronze,1
BLR,1996,Bronze,16
BLR,1996,Gold,1
BLR,1996,Silver,6
BLR,2000,Bronze,11
BLR,2000,Gold,3
BLR,2000,Silver,8
BLR,2004,Bronze,9
BLR,2004,Gold,2
BLR,2004,Silver,6
BLR,2008,Bronze,17
BLR,2008,Gold,8
BLR,2008,Silver,5
BLR,2012,Bronze,6
BLR,2012,Gold,3
BLR,2012,Silver,12
BOH,1900,Bronze,1
BOH,1900,Silver,1
BOH,1908,Bronze,5
BOT,2012,Silver,1
BRA,1920,Bronze,5
BRA,1920,Gold,1
BRA,1920,Silver,1
BRA,1948,Bronze,12
BRA,1952,Bronze,2
BRA,1952,Gold,1
BRA,1956,Gold,1
BRA,1960,Bronze,13
BRA,1964,Bronze,12
BRA,1968,Bronze,3
BRA,1968,Silver,1
BRA,1972,Bronze,2
BRA,1976,Bronze,3
BRA,1980,Bronze,5
BRA,1980,Gold,4
BRA,1984,Bronze,2
BRA,1984,Gold,1
BRA,1984,Silver,34
BRA,1988,Bronze,5
BRA,1988,Gold,1
BRA,1988,Silver,22
BRA,1992,Gold,13
BRA,1992,Silver,1
BRA,1996,Bronze,44
BRA,1996,Gold,5
BRA,1996,Silver,15
BRA,2000,Bronze,36
BRA,2000,Silver,12
BRA,2004,Bronze,3
BRA,2004,Gold,18
BRA,2004,Silver,19
BRA,2008,Bronze,27
BRA,2008,Gold,14
BRA,2008,Silver,34
BRA,2012,Bronze,11
BRA,2012,Gold,14
BRA,2012,Silver,34
BRN,2012,Bronze,1
BUL,1952,Bronze,1
BUL,1956,Bronze,14
BUL,1956,Gold,1
BUL,1956,Silver,3
BUL,1960,Bronze,3
BUL,1960,Gold,1
BUL,1960,Silver,3
BUL,1964,Bronze,2
BUL,1964,Gold,3
BUL,1964,Silver,5
BUL,1968,Bronze,3
BUL,1968,Gold,2
BUL,1968,Silver,21
BUL,1972,Bronze,6
BUL,1972,Gold,6
BUL,1972,Silver,10
BUL,1976,Bronze,18
BUL,1976,Gold,8
BUL,1976,Silver,13
BUL,1980,Bronze,40
BUL,1980,Gold,8
BUL,1980,Silver,46
BUL,1988,Bronze,17
BUL,1988,Gold,10
BUL,1988,Silver,14
BUL,1992,Bronze,7
BUL,1992,Gold,3
BUL,1992,Silver,7
BUL,1996,Bronze,6
BUL,1996,Gold,3
BUL,1996,Silver,12
BUL,2000,Bronze,2
BUL,2000,Gold,5
BUL,2000,Silver,6
BUL,2004,Bronze,14
BUL,2004,Gold,2
BUL,2004,Silver,1
BUL,2008,Bronze,3
BUL,2008,Gold,1
BUL,2008,Silver,1
BUL,2012,Bronze,1
BUL,2012,Silver,1
BWI,1960,Bronze,5
CAN,1900,Bronze,1
CAN,1900,Gold,1
CAN,1904,Gold,26
CAN,1904,Silver,9
CAN,1908,Bronze,26
CAN,1908,Gold,17
CAN,1908,Silver,8
CAN,1912,Bronze,3
CAN,1912,Gold,3
CAN,1912,Silver,2
CAN,1920,Bronze,3
CAN,1920,Gold,10
CAN,1920,Silver,3
CAN,1924,Bronze,1
CAN,1924,Silver,19
CAN,1928,Bronze,21
CAN,1928,Gold,7
CAN,1928,Silver,5
CAN,1932,Bronze,23
CAN,1932,Gold,2
CAN,1932,Silver,13
CAN,1936,Bronze,9
CAN,1936,Gold,1
CAN,1936,Silver,12
CAN,1948,Bronze,5
CAN,1948,Silver,1
CAN,1952,Gold,1
CAN,1952,Silver,3
CAN,1956,Bronze,5
CAN,1956,Gold,5
CAN,1956,Silver,9
CAN,1960,Silver,9
CAN,1964,Bronze,1
CAN,1964,Gold,2
CAN,1964,Silver,2
CAN,1968,Bronze,4
CAN,1968,Gold,3
CAN,1968,Silver,3
CAN,1972,Bronze,8
CAN,1972,Silver,2
CAN,1976,Bronze,12
CAN,1976,Silver,8
CAN,1984,Bronze,32
CAN,1984,Gold,19
CAN,1984,Silver,35
CAN,1988,Bronze,12
CAN,1988,Gold,4
CAN,1988,Silver,5
CAN,1992,Bronze,12
CAN,1992,Gold,27
CAN,1992,Silver,5
CAN,1996,Bronze,12
CAN,1996,Gold,8
CAN,1996,Silver,31
CAN,2000,Bronze,23
CAN,2000,Gold,4
CAN,2000,Silver,4
CAN,2004,Bronze,4
CAN,2004,Gold,3
CAN,2004,Silver,10
CAN,2008,Bronze,10
CAN,2008,Gold,11
CAN,2008,Silver,13
CAN,2012,Bronze,35
CAN,2012,Gold,1
CAN,2012,Silver,21
CHI,1928,Silver,1
CHI,1952,Silver,4
CHI,1956,Bronze,2
CHI,1956,Silver,2
CHI,1988,Silver,1
CHI,2000,Bronze,18
CHI,2004,Bronze,1
CHI,2004,Gold,3
CHI,2008,Silver,1
CHN,1984,Bronze,37
CHN,1984,Gold,26
CHN,1984,Silver,13
CHN,1988,Bronze,31
CHN,1988,Gold,6
CHN,1988,Silver,16
CHN,1992,Bronze,19
CHN,1992,Gold,18
CHN,1992,Silver,46
CHN,1996,Bronze,17
CHN,1996,Gold,19
CHN,1996,Silver,74
CHN,2000,Bronze,17
CHN,2000,Gold,39
CHN,2000,Silver,23
CHN,2004,Bronze,15
CHN,2004,Gold,52
CHN,2004,Silver,27
CHN,2008,Bronze,57
CHN,2008,Gold,74
CHN,2008,Silver,53
CHN,2012,Bronze,28
CHN,2012,Gold,56
CHN,2012,Silver,44
CIV,1984,Silver,1
CMR,1968,Silver,1
CMR,1984,Bronze,1
CMR,2000,Gold,18
CMR,2004,Gold,1
CMR,2008,Gold,1
CMR,2012,Bronze,1
COL,1972,Bronze,2
COL,1972,Silver,1
COL,1984,Silver,1
COL,1988,Bronze,1
COL,1992,Bronze,1
COL,2000,Gold,1
COL,2004,Bronze,2
COL,2008,Bronze,1
COL,2008,Silver,1
COL,2012,Bronze,4
COL,2012,Gold,1
COL,2012,Silver,3
CRC,1988,Silver,1
CRC,1996,Gold,1
CRC,2000,Bronze,2
CRO,1992,Bronze,3
CRO,1992,Silver,12
CRO,1996,Gold,16
CRO,1996,Silver,13
CRO,2000,Bronze,9
CRO,2000,Gold,1
CRO,2004,Bronze,3
CRO,2004,Gold,14
CRO,2004,Silver,3
CRO,2008,Bronze,3
CRO,2008,Silver,2
CRO,2012,Bronze,16
CRO,2012,Gold,15
CRO,2012,Silver,4
CUB,1900,Gold,1
CUB,1900,Silver,1
CUB,1904,Bronze,3
CUB,1904,Gold,4
CUB,1904,Silver,2
CUB,1948,Silver,2
CUB,1964,Silver,1
CUB,1968,Silver,10
CUB,1972,Bronze,18
CUB,1972,Gold,3
CUB,1972,Silver,1
CUB,1976,Bronze,14
CUB,1976,Gold,6
CUB,1976,Silver,4
CUB,1980,Bronze,5
CUB,1980,Gold,8
CUB,1980,Silver,7
CUB,1992,Bronze,14
CUB,1992,Gold,44
CUB,1992,Silver,13
CUB,1996,Bronze,10
CUB,1996,Gold,39
CUB,1996,Silver,8
CUB,2000,Bronze,12
CUB,2000,Gold,22
CUB,2000,Silver,35
CUB,2004,Bronze,22
CUB,2004,Gold,31
CUB,2004,Silver,8
CUB,2008,Bronze,11
CUB,2008,Gold,2
CUB,2008,Silver,34
CUB,2012,Bronze,7
CUB,2012,Gold,5
CUB,2012,Silver,3
CYP,2012,Silver,1
CZE,1996,Bronze,4
CZE,1996,Gold,4
CZE,1996,Silver,5
CZE,2000,Bronze,4
CZE,2000,Gold,2
CZE,2000,Silver,3
CZE,2004,Bronze,5
CZE,2004,Gold,1
CZE,2004,Silver,6
CZE,2008,Gold,3
CZE,2008,Silver,4
CZE,2012,Bronze,7
CZE,2012,Gold,4
CZE,2012,Silver,4
DEN,1896,Bronze,3
DEN,1896,Gold,1
DEN,1896,Silver,2
DEN,1900,Bronze,2
DEN,1900,Gold,1
DEN,1900,Silver,3
DEN,1908,Bronze,3
DEN,1908,Silver,12
DEN,1912,Bronze,34
DEN,1912,Gold,5
DEN,1912,Silver,45
DEN,1920,Bronze,1
DEN,1920,Gold,30
DEN,1920,Silver,44
DEN,1924,Bronze,2
DEN,1924,Gold,2
DEN,1924,Silver,8
DEN,1928,Bronze,3
DEN,1928,Gold,5
DEN,1928,Silver,5
DEN,1932,Bronze,4
DEN,1932,Silver,5
DEN,1936,Bronze,3
DEN,1936,Silver,3
DEN,1948,Bronze,27
DEN,1948,Gold,7
DEN,1948,Silver,15
DEN,1952,Bronze,5
DEN,1952,Gold,3
DEN,1952,Silver,1
DEN,1956,Bronze,1
DEN,1956,Gold,1
DEN,1956,Silver,5
DEN,1960,Bronze,4
DEN,1960,Gold,2
DEN,1960,Silver,17
DEN,1964,Bronze,4
DEN,1964,Gold,7
DEN,1964,Silver,1
DEN,1968,Bronze,6
DEN,1968,Gold,4
DEN,1968,Silver,6
DEN,1972,Gold,1
DEN,1976,Bronze,5
DEN,1976,Gold,3
DEN,1980,Bronze,2
DEN,1980,Gold,4
DEN,1980,Silver,2
DEN,1984,Bronze,10
DEN,1984,Silver,5
DEN,1988,Bronze,3
DEN,1988,Gold,3
DEN,1988,Silver,1
DEN,1992,Bronze,9
DEN,1992,Gold,3
DEN,1992,Silver,2
DEN,1996,Bronze,1
DEN,1996,Gold,22
DEN,1996,Silver,1
DEN,2000,Bronze,4
DEN,2000,Gold,18
DEN,2000,Silver,3
DEN,2004,Bronze,10
DEN,2004,Gold,19
DEN,2008,Bronze,6
DEN,2008,Gold,6
DEN,2008,Silver,6
DEN,2012,Bronze,8
DEN,2012,Gold,3
DEN,2012,Silver,5
DJI,1988,Bronze,1
DOM,1984,Bronze,1
DOM,2004,Gold,1
DOM,2008,Gold,1
DOM,2008,Silver,1
DOM,2012,Gold,1
DOM,2012,Silver,1
ECU,1996,Gold,1
ECU,2008,Silver,1
EGY,1928,Bronze,1
EGY,1928,Gold,2
EGY,1928,Silver,1
EGY,1936,Bronze,2
EGY,1936,Gold,2
EGY,1936,Silver,1
EGY,1948,Bronze,1
EGY,1948,Gold,2
EGY,1948,Silver,2
EGY,1952,Bronze,1
EGY,1960,Bronze,1
EGY,1960,Silver,1
EGY,1984,Silver,1
EGY,2004,Bronze,3
EGY,2004,Gold,1
EGY,2004,Silver,1
EGY,2008,Bronze,1
EGY,2012,Bronze,1
EGY,2012,Silver,3
ERI,2004,Bronze,1
ESP,1900,Gold,2
ESP,1920,Silver,24
ESP,1928,Gold,3
ESP,1932,Bronze,1
ESP,1948,Silver,3
ESP,1952,Silver,1
ESP,1960,Bronze,14
ESP,1972,Bronze,1
ESP,1976,Silver,6
ESP,1980,Bronze,3
ESP,1980,Gold,2
ESP,1980,Silver,19
ESP,1984,Bronze,3
ESP,1984,Gold,2
ESP,1984,Silver,14
ESP,1988,Bronze,2
ESP,1988,Gold,1
ESP,1988,Silver,2
ESP,1992,Bronze,2
ESP,1992,Gold,44
ESP,1992,Silver,20
ESP,1996,Bronze,22
ESP,1996,Gold,24
ESP,1996,Silver,21
ESP,2000,Bronze,20
ESP,2000,Gold,3
ESP,2000,Silver,20
ESP,2004,Bronze,8
ESP,2004,Gold,4
ESP,2004,Silver,15
ESP,2008,Bronze,16
ESP,2008,Gold,7
ESP,2008,Silver,48
ESP,2012,Bronze,25
ESP,2012,Gold,6
ESP,2012,Silver,34
EST,1920,Gold,1
EST,1920,Silver,2
EST,1924,Bronze,4
EST,1924,Gold,1
EST,1924,Silver,1
EST,1928,Bronze,6
EST,1928,Gold,2
EST,1928,Silver,1
EST,1936,Bronze,3
EST,1936,Gold,2
EST,1936,Silver,2
EST,1992,Bronze,2
EST,1992,Gold,1
EST,2000,Bronze,2
EST,2000,Gold,1
EST,2004,Bronze,2
EST,2004,Silver,1
EST,2008,Gold,1
EST,2008,Silver,2
EST,2012,Bronze,1
EST,2012,Silver,1
ETH,1960,Gold,1
ETH,1964,Gold,1
ETH,1968,Gold,1
ETH,1968,Silver,1
ETH,1972,Bronze,2
ETH,1980,Bronze,2
ETH,1980,Gold,2
ETH,1992,Bronze,2
ETH,1992,Gold,1
ETH,1996,Bronze,1
ETH,1996,Gold,2
ETH,2000,Bronze,3
ETH,2000,Gold,4
ETH,2000,Silver,1
ETH,2004,Bronze,2
ETH,2004,Gold,2
ETH,2004,Silver,3
ETH,2008,Bronze,2
ETH,2008,Gold,4
ETH,2008,Silver,1
ETH,2012,Bronze,2
ETH,2012,Gold,3
ETH,2012,Silver,2
EUA,1956,Bronze,22
EUA,1956,Gold,12
EUA,1956,Silver,23
EUA,1960,Bronze,21
EUA,1960,Gold,34
EUA,1960,Silver,33
EUA,1964,Bronze,49
EUA,1964,Gold,22
EUA,1964,Silver,44
EUN,1992,Bronze,66
EUN,1992,Gold,92
EUN,1992,Silver,65
FIN,1908,Bronze,27
FIN,1908,Gold,1
FIN,1908,Silver,1
FIN,1912,Bronze,22
FIN,1912,Gold,9
FIN,1912,Silver,36
FIN,1920,Bronze,17
FIN,1920,Gold,18
FIN,1920,Silver,14
FIN,1924,Bronze,15
FIN,1924,Gold,24
FIN,1924,Silver,13
FIN,1928,Bronze,9
FIN,1928,Gold,8
FIN,1928,Silver,8
FIN,1932,Bronze,16
FIN,1932,Gold,5
FIN,1932,Silver,8
FIN,1936,Bronze,13
FIN,1936,Gold,7
FIN,1936,Silver,6
FIN,1948,Bronze,7
FIN,1948,Gold,15
FIN,1948,Silver,7
FIN,1952,Bronze,29
FIN,1952,Gold,8
FIN,1952,Silver,3
FIN,1956,Bronze,22
FIN,1956,Gold,3
FIN,1956,Silver,1
FIN,1960,Bronze,4
FIN,1960,Gold,1
FIN,1960,Silver,1
FIN,1964,Bronze,2
FIN,1964,Gold,3
FIN,1968,Bronze,1
FIN,1968,Gold,1
FIN,1968,Silver,2
FIN,1972,Bronze,6
FIN,1972,Gold,3
FIN,1972,Silver,1
FIN,1976,Gold,4
FIN,1976,Silver,2
FIN,1980,Bronze,5
FIN,1980,Gold,3
FIN,1980,Silver,1
FIN,1984,Bronze,6
FIN,1984,Gold,4
FIN,1984,Silver,2
FIN,1988,Bronze,2
FIN,1988,Gold,1
FIN,1988,Silver,1
FIN,1992,Bronze,2
FIN,1992,Gold,1
FIN,1992,Silver,4
FIN,1996,Bronze,1
FIN,1996,Gold,1
FIN,1996,Silver,2
FIN,2000,Bronze,1
FIN,2000,Gold,3
FIN,2000,Silver,1
FIN,2004,Silver,2
FIN,2008,Bronze,2
FIN,2008,Gold,1
FIN,2008,Silver,2
FIN,2012,Bronze,3
FIN,2012,Silver,2
FRA,1896,Bronze,2
FRA,1896,Gold,5
FRA,1896,Silver,4
FRA,1900,Bronze,53
FRA,1900,Gold,46
FRA,1900,Silver,86
FRA,1908,Bronze,21
FRA,1908,Gold,9
FRA,1908,Silver,5
FRA,1912,Bronze,5
FRA,1912,Gold,10
FRA,1912,Silver,10
FRA,1920,Bronze,55
FRA,1920,Gold,13
FRA,1920,Silver,73
FRA,1924,Bronze,20
FRA,1924,Gold,39
FRA,1924,Silver,63
FRA,1928,Bronze,13
FRA,1928,Gold,7
FRA,1928,Silver,16
FRA,1932,Bronze,6
FRA,1932,Gold,23
FRA,1932,Silver,8
FRA,1936,Bronze,18
FRA,1936,Gold,12
FRA,1936,Silver,13
FRA,1948,Bronze,21
FRA,1948,Gold,25
FRA,1948,Silver,22
FRA,1952,Bronze,16
FRA,1952,Gold,14
FRA,1952,Silver,9
FRA,1956,Bronze,13
FRA,1956,Gold,6
FRA,1956,Silver,13
FRA,1960,Bronze,5
FRA,1960,Silver,6
FRA,1964,Bronze,17
FRA,1964,Gold,1
FRA,1964,Silver,13
FRA,1968,Bronze,10
FRA,1968,Gold,12
FRA,1968,Silver,5
FRA,1972,Bronze,15
FRA,1972,Gold,2
FRA,1972,Silver,5
FRA,1976,Bronze,8
FRA,1976,Gold,5
FRA,1976,Silver,7
FRA,1980,Bronze,6
FRA,1980,Gold,18
FRA,1980,Silver,5
FRA,1984,Bronze,31
FRA,1984,Gold,21
FRA,1984,Silver,16
FRA,1988,Bronze,13
FRA,1988,Gold,12
FRA,1988,Silver,4
FRA,1992,Bronze,43
FRA,1992,Gold,9
FRA,1992,Silver,5
FRA,1996,Bronze,20
FRA,1996,Gold,21
FRA,1996,Silver,10
FRA,2000,Bronze,14
FRA,2000,Gold,22
FRA,2000,Silver,30
FRA,2004,Bronze,22
FRA,2004,Gold,21
FRA,2004,Silver,10
FRA,2008,Bronze,28
FRA,2008,Gold,25
FRA,2008,Silver,23
FRA,2012,Bronze,22
FRA,2012,Gold,30
FRA,2012,Silver,30
FRG,1968,Bronze,18
FRG,1968,Gold,16
FRG,1968,Silver,15
FRG,1972,Bronze,36
FRG,1972,Gold,43
FRG,1972,Silver,17
FRG,1976,Bronze,30
FRG,1976,Gold,21
FRG,1976,Silver,24
FRG,1984,Bronze,52
FRG,1984,Gold,31
FRG,1984,Silver,74
FRG,1988,Bronze,44
FRG,1988,Gold,32
FRG,1988,Silver,37
GAB,2012,Silver,1
GBR,1896,Bronze,2
GBR,1896,Gold,2
GBR,1896,Silver,3
GBR,1900,Bronze,10
GBR,1900,Gold,48
GBR,1900,Silver,20
GBR,1904,Gold,1
GBR,1904,Silver,1
GBR,1908,Bronze,68
GBR,1908,Gold,144
GBR,1908,Silver,135
GBR,1912,Bronze,58
GBR,1912,Gold,44
GBR,1912,Silver,58
GBR,1920,Bronze,17
GBR,1920,Gold,55
GBR,1920,Silver,35
GBR,1924,Bronze,20
GBR,1924,Gold,17
GBR,1924,Silver,29
GBR,1928,Bronze,24
GBR,1928,Gold,6
GBR,1928,Silver,25
GBR,1932,Bronze,14
GBR,1932,Gold,8
GBR,1932,Silver,12
GBR,1936,Bronze,8
GBR,1936,Gold,12
GBR,1936,Silver,16
GBR,1948,Bronze,11
GBR,1948,Gold,6
GBR,1948,Silver,39
GBR,1952,Bronze,26
GBR,1952,Gold,3
GBR,1952,Silver,2
GBR,1956,Bronze,22
GBR,1956,Gold,8
GBR,1956,Silver,15
GBR,1960,Bronze,15
GBR,1960,Gold,2
GBR,1960,Silver,11
GBR,1964,Bronze,5
GBR,1964,Gold,4
GBR,1964,Silver,19
GBR,1968,Bronze,5
GBR,1968,Gold,8
GBR,1968,Silver,5
GBR,1972,Bronze,12
GBR,1972,Gold,8
GBR,1972,Silver,9
GBR,1976,Bronze,11
GBR,1976,Gold,6
GBR,1976,Silver,15
GBR,1980,Bronze,22
GBR,1980,Gold,5
GBR,1980,Silver,18
GBR,1984,Bronze,43
GBR,1984,Gold,9
GBR,1984,Silver,20
GBR,1988,Bronze,15
GBR,1988,Gold,22
GBR,1988,Silver,16
GBR,1992,Bronze,39
GBR,1992,Gold,8
GBR,1992,Silver,3
GBR,1996,Bronze,9
GBR,1996,Gold,2
GBR,1996,Silver,15
GBR,2000,Bronze,13
GBR,2000,Gold,22
GBR,2000,Silver,20
GBR,2004,Bronze,15
GBR,2004,Gold,17
GBR,2004,Silver,25
GBR,2008,Bronze,21
GBR,2008,Gold,31
GBR,2008,Silver,25
GBR,2012,Bronze,48
GBR,2012,Gold,48
GBR,2012,Silver,30
GDR,1968,Bronze,19
GDR,1968,Gold,13
GDR,1968,Silver,19
GDR,1972,Bronze,56
GDR,1972,Gold,30
GDR,1972,Silver,62
GDR,1976,Bronze,42
GDR,1976,Gold,99
GDR,1976,Silver,51
GDR,1980,Bronze,61
GDR,1980,Gold,112
GDR,1980,Silver,87
GDR,1988,Bronze,47
GDR,1988,Gold,75
GDR,1988,Silver,52
GEO,1996,Bronze,2
GEO,2000,Bronze,6
GEO,2004,Gold,2
GEO,2004,Silver,2
GEO,2008,Bronze,3
GEO,2008,Gold,3
GEO,2012,Bronze,3
GEO,2012,Gold,1
GEO,2012,Silver,3
GER,1896,Bronze,2
GER,1896,Gold,26
GER,1896,Silver,5
GER,1900,Bronze,10
GER,1900,Gold,11
GER,1900,Silver,19
GER,1904,Bronze,5
GER,1904,Gold,4
GER,1904,Silver,4
GER,1908,Bronze,7
GER,1908,Gold,4
GER,1908,Silver,11
GER,1912,Bronze,23
GER,1912,Gold,10
GER,1912,Silver,19
GER,1928,Bronze,39
GER,1928,Gold,20
GER,1928,Silver,13
GER,1932,Bronze,5
GER,1932,Gold,7
GER,1932,Silver,26
GER,1936,Bronze,59
GER,1936,Gold,88
GER,1936,Silver,63
GER,1952,Bronze,26
GER,1952,Silver,14
GER,1992,Bronze,60
GER,1992,Gold,81
GER,1992,Silver,57
GER,1996,Bronze,47
GER,1996,Gold,42
GER,1996,Silver,35
GER,2000,Bronze,65
GER,2000,Gold,31
GER,2000,Silver,23
GER,2004,Bronze,63
GER,2004,Gold,41
GER,2004,Silver,45
GER,2008,Bronze,43
GER,2008,Gold,42
GER,2008,Silver,16
GER,2012,Bronze,21
GER,2012,Gold,45
GER,2012,Silver,28
GHA,1960,Silver,1
GHA,1964,Bronze,1
GHA,1972,Bronze,1
GHA,1992,Bronze,13
GRE,1896,Bronze,22
GRE,1896,Gold,10
GRE,1896,Silver,20
GRE,1904,Bronze,1
GRE,1904,Gold,1
GRE,1908,Silver,3
GRE,1912,Bronze,1
GRE,1912,Gold,1
GRE,1920,Silver,5
GRE,1956,Bronze,1
GRE,1960,Gold,3
GRE,1968,Bronze,1
GRE,1972,Silver,2
GRE,1980,Bronze,4
GRE,1980,Gold,1
GRE,1984,Bronze,1
GRE,1984,Silver,1
GRE,1988,Bronze,1
GRE,1992,Gold,2
GRE,1996,Gold,4
GRE,1996,Silver,4
GRE,2000,Bronze,8
GRE,2000,Gold,4
GRE,2000,Silver,6
GRE,2004,Bronze,5
GRE,2004,Gold,8
GRE,2004,Silver,18
GRE,2008,Bronze,4
GRE,2008,Silver,3
GRE,2012,Bronze,3
GRN,2012,Gold,1
GUA,2012,Silver,1
GUY,1980,Bronze,1
HAI,1924,Bronze,7
HAI,1928,Silver,1
HKG,1996,Gold,1
HKG,2004,Silver,2
HKG,2012,Bronze,1
HUN,1896,Bronze,3
HUN,1896,Gold,2
HUN,1896,Silver,1
HUN,1900,Bronze,2
HUN,1900,Gold,1
HUN,1900,Silver,2
HUN,1904,Bronze,1
HUN,1904,Gold,2
HUN,1904,Silver,1
HUN,1908,Bronze,5
HUN,1908,Gold,6
HUN,1908,Silver,7
HUN,1912,Bronze,3
HUN,1912,Gold,10
HUN,1912,Silver,17
HUN,1924,Bronze,8
HUN,1924,Gold,2
HUN,1924,Silver,10
HUN,1928,Gold,9
HUN,1928,Silver,11
HUN,1932,Bronze,8
HUN,1932,Gold,20
HUN,1932,Silver,4
HUN,1936,Bronze,16
HUN,1936,Gold,25
HUN,1936,Silver,1
HUN,1948,Bronze,21
HUN,1948,Gold,15
HUN,1948,Silver,24
HUN,1952,Bronze,32
HUN,1952,Gold,52
HUN,1952,Silver,17
HUN,1956,Bronze,14
HUN,1956,Gold,30
HUN,1956,Silver,20
HUN,1960,Bronze,36
HUN,1960,Gold,13
HUN,1960,Silver,16
HUN,1964,Bronze,7
HUN,1964,Gold,42
HUN,1964,Silver,7
HUN,1968,Bronze,29
HUN,1968,Gold,32
HUN,1968,Silver,20
HUN,1972,Bronze,25
HUN,1972,Gold,10
HUN,1972,Silver,46
HUN,1976,Bronze,35
HUN,1976,Gold,14
HUN,1976,Silver,6
HUN,1980,Bronze,40
HUN,1980,Gold,8
HUN,1980,Silver,13
HUN,1988,Bronze,15
HUN,1988,Gold,20
HUN,1988,Silver,9
HUN,1992,Bronze,8
HUN,1992,Gold,14
HUN,1992,Silver,23
HUN,1996,Bronze,26
HUN,1996,Gold,8
HUN,1996,Silver,9
HUN,2000,Bronze,4
HUN,2000,Gold,25
HUN,2000,Silver,24
HUN,2004,Bronze,4
HUN,2004,Gold,24
HUN,2004,Silver,12
HUN,2008,Bronze,3
HUN,2008,Gold,16
HUN,2008,Silver,8
HUN,2012,Bronze,6
HUN,2012,Gold,12
HUN,2012,Silver,8
INA,1988,Silver,3
INA,1992,Bronze,1
INA,1992,Gold,2
INA,1992,Silver,3
INA,1996,Bronze,3
INA,1996,Gold,2
INA,1996,Silver,1
INA,2000,Bronze,2
INA,2000,Gold,2
INA,2000,Silver,4
INA,2004,Bronze,3
INA,2004,Gold,1
INA,2004,Silver,1
INA,2008,Bronze,3
INA,2008,Gold,2
INA,2008,Silver,2
INA,2012,Bronze,1
INA,2012,Silver,2
IND,1900,Silver,2
IND,1928,Gold,15
IND,1932,Gold,11
IND,1936,Gold,19
IND,1948,Gold,20
IND,1952,Bronze,1
IND,1952,Gold,14
IND,1956,Gold,17
IND,1960,Silver,13
IND,1964,Gold,15
IND,1968,Bronze,15
IND,1972,Bronze,14
IND,1980,Gold,16
IND,1996,Bronze,1
IND,2000,Bronze,1
IND,2004,Silver,1
IND,2008,Bronze,2
IND,2008,Gold,1
IND,2012,Bronze,4
IND,2012,Silver,2
IOP,1992,Bronze,2
IOP,1992,Silver,1
IRI,1948,Bronze,1
IRI,1952,Bronze,4
IRI,1952,Silver,3
IRI,1956,Bronze,1
IRI,1956,Gold,2
IRI,1956,Silver,2
IRI,1960,Bronze,3
IRI,1960,Silver,1
IRI,1964,Bronze,2
IRI,1968,Bronze,2
IRI,1968,Gold,2
IRI,1968,Silver,1
IRI,1972,Bronze,1
IRI,1972,Silver,2
IRI,1976,Bronze,1
IRI,1976,Silver,1
IRI,1988,Silver,1
IRI,1992,Bronze,2
IRI,1992,Silver,1
IRI,1996,Bronze,1
IRI,1996,Gold,1
IRI,1996,Silver,1
IRI,2000,Bronze,1
IRI,2000,Gold,3
IRI,2004,Bronze,2
IRI,2004,Gold,2
IRI,2004,Silver,2
IRI,2008,Bronze,1
IRI,2008,Gold,1
IRI,2012,Bronze,2
IRI,2012,Gold,5
IRI,2012,Silver,6
IRL,1928,Gold,1
IRL,1932,Gold,2
IRL,1952,Silver,1
IRL,1956,Bronze,3
IRL,1956,Gold,1
IRL,1956,Silver,1
IRL,1964,Bronze,1
IRL,1980,Bronze,1
IRL,1980,Silver,2
IRL,1984,Silver,1
IRL,1992,Gold,1
IRL,1992,Silver,1
IRL,1996,Bronze,1
IRL,1996,Gold,3
IRL,2000,Silver,1
IRL,2008,Bronze,2
IRL,2008,Silver,1
IRL,2012,Bronze,4
IRL,2012,Gold,1
IRL,2012,Silver,1
IRQ,1960,Bronze,1
ISL,1956,Silver,1
ISL,1984,Bronze,1
ISL,2000,Bronze,1
ISL,2008,Silver,14
ISR,1992,Bronze,1
ISR,1992,Silver,1
ISR,1996,Bronze,1
ISR,2000,Bronze,1
ISR,2004,Bronze,1
ISR,2004,Gold,1
ISR,2008,Bronze,1
ISV,1988,Silver,1
ITA,1900,Gold,2
ITA,1900,Silver,2
ITA,1908,Gold,2
ITA,1908,Silver,5
ITA,1912,Bronze,2
ITA,1912,Gold,18
ITA,1912,Silver,1
ITA,1920,Bronze,7
ITA,1920,Gold,68
ITA,1920,Silver,9
ITA,1924,Bronze,21
ITA,1924,Gold,25
ITA,1924,Silver,5
ITA,1928,Bronze,31
ITA,1928,Gold,18
ITA,1928,Silver,21
ITA,1932,Bronze,18
ITA,1932,Gold,21
ITA,1932,Silver,38
ITA,1936,Bronze,5
ITA,1936,Gold,36
ITA,1936,Silver,30
ITA,1948,Bronze,12
ITA,1948,Gold,20
ITA,1948,Silver,31
ITA,1952,Bronze,15
ITA,1952,Gold,17
ITA,1952,Silver,21
ITA,1956,Bronze,10
ITA,1956,Gold,25
ITA,1956,Silver,11
ITA,1960,Bronze,34
ITA,1960,Gold,36
ITA,1960,Silver,18
ITA,1964,Bronze,9
ITA,1964,Gold,13
ITA,1964,Silver,28
ITA,1968,Bronze,19
ITA,1968,Gold,5
ITA,1968,Silver,8
ITA,1972,Bronze,13
ITA,1972,Gold,9
ITA,1972,Silver,3
ITA,1976,Bronze,4
ITA,1976,Gold,2
ITA,1976,Silver,25
ITA,1980,Bronze,8
ITA,1980,Gold,8
ITA,1980,Silver,21
ITA,1984,Bronze,28
ITA,1984,Gold,29
ITA,1984,Silver,6
ITA,1988,Bronze,8
ITA,1988,Gold,11
ITA,1988,Silver,10
ITA,1992,Bronze,14
ITA,1992,Gold,22
ITA,1992,Silver,10
ITA,1996,Bronze,28
ITA,1996,Gold,19
ITA,1996,Silver,24
ITA,2000,Bronze,29
ITA,2000,Gold,22
ITA,2000,Silver,14
ITA,2004,Bronze,39
ITA,2004,Gold,24
ITA,2004,Silver,39
ITA,2008,Bronze,20
ITA,2008,Gold,8
ITA,2008,Silver,14
ITA,2012,Bronze,30
ITA,2012,Gold,16
ITA,2012,Silver,22
JAM,1948,Gold,1
JAM,1948,Silver,2
JAM,1952,Gold,5
JAM,1952,Silver,3
JAM,1968,Silver,1
JAM,1972,Bronze,1
JAM,1976,Gold,1
JAM,1976,Silver,1
JAM,1980,Bronze,3
JAM,1984,Bronze,2
JAM,1984,Silver,4
JAM,1988,Silver,5
JAM,1992,Bronze,1
JAM,1992,Silver,3
JAM,1996,Bronze,12
JAM,1996,Gold,1
JAM,1996,Silver,3
JAM,2000,Bronze,9
JAM,2000,Silver,14
JAM,2004,Bronze,6
JAM,2004,Gold,6
JAM,2004,Silver,1
JAM,2008,Bronze,5
JAM,2008,Gold,9
JAM,2008,Silver,3
JAM,2012,Bronze,8
JAM,2012,Gold,8
JAM,2012,Silver,9
JPN,1920,Silver,3
JPN,1924,Bronze,1
JPN,1928,Bronze,1
JPN,1928,Gold,2
JPN,1928,Silver,5
JPN,1932,Bronze,4
JPN,1932,Gold,10
JPN,1932,Silver,17
JPN,1936,Bronze,8
JPN,1936,Gold,9
JPN,1936,Silver,4
JPN,1952,Bronze,2
JPN,1952,Gold,1
JPN,1952,Silver,9
JPN,1956,Bronze,5
JPN,1956,Gold,4
JPN,1956,Silver,15
JPN,1960,Bronze,10
JPN,1960,Gold,9
JPN,1960,Silver,10
JPN,1964,Bronze,27
JPN,1964,Gold,32
JPN,1964,Silver,5
JPN,1968,Bronze,22
JPN,1968,Gold,16
JPN,1968,Silver,29
JPN,1972,Bronze,8
JPN,1972,Gold,29
JPN,1972,Silver,19
JPN,1976,Bronze,10
JPN,1976,Gold,25
JPN,1976,Silver,6
JPN,1984,Bronze,31
JPN,1984,Gold,10
JPN,1984,Silver,8
JPN,1988,Bronze,13
JPN,1988,Gold,4
JPN,1988,Silver,3
JPN,1992,Bronze,36
JPN,1992,Gold,3
JPN,1992,Silver,8
JPN,1996,Bronze,14
JPN,1996,Gold,3
JPN,1996,Silver,26
JPN,2000,Bronze,8
JPN,2000,Gold,5
JPN,2000,Silver,30
JPN,2004,Bronze,53
JPN,2004,Gold,21
JPN,2004,Silver,20
JPN,2008,Bronze,17
JPN,2008,Gold,23
JPN,2008,Silver,11
JPN,2012,Bronze,33
JPN,2012,Gold,7
JPN,2012,Silver,44
KAZ,1996,Bronze,4
KAZ,1996,Gold,3
KAZ,1996,Silver,4
KAZ,2000,Gold,3
KAZ,2000,Silver,4
KAZ,2004,Bronze,3
KAZ,2004,Gold,1
KAZ,2004,Silver,4
KAZ,2008,Bronze,7
KAZ,2008,Gold,2
KAZ,2008,Silver,4
KAZ,2012,Bronze,6
KAZ,2012,Gold,3
KAZ,2012,Silver,1
KEN,1964,Bronze,1
KEN,1968,Bronze,2
KEN,1968,Gold,3
KEN,1968,Silver,7
KEN,1972,Bronze,4
KEN,1972,Gold,5
KEN,1972,Silver,3
KEN,1984,Bronze,2
KEN,1984,Gold,1
KEN,1988,Bronze,2
KEN,1988,Gold,5
KEN,1988,Silver,2
KEN,1992,Bronze,2
KEN,1992,Gold,2
KEN,1992,Silver,4
KEN,1996,Bronze,3
KEN,1996,Gold,1
KEN,1996,Silver,4
KEN,2000,Bronze,2
KEN,2000,Gold,2
KEN,2000,Silver,3
KEN,2004,Bronze,2
KEN,2004,Gold,1
KEN,2004,Silver,4
KEN,2008,Bronze,4
KEN,2008,Gold,6
KEN,2008,Silver,4
KEN,2012,Bronze,6
KEN,2012,Gold,2
KEN,2012,Silver,4
KGZ,2000,Bronze,1
KGZ,2008,Bronze,1
KGZ,2008,Silver,1
KOR,1948,Bronze,2
KOR,1952,Bronze,2
KOR,1956,Bronze,1
KOR,1956,Silver,1
KOR,1964,Bronze,1
KOR,1964,Silver,2
KOR,1968,Bronze,1
KOR,1968,Silver,1
KOR,1972,Silver,1
KOR,1976,Bronze,15
KOR,1976,Gold,1
KOR,1976,Silver,1
KOR,1984,Bronze,7
KOR,1984,Gold,6
KOR,1984,Silver,29
KOR,1988,Bronze,12
KOR,1988,Gold,28
KOR,1988,Silver,37
KOR,1992,Bronze,16
KOR,1992,Gold,28
KOR,1992,Silver,5
KOR,1996,Bronze,7
KOR,1996,Gold,10
KOR,1996,Silver,49
KOR,2000,Bronze,35
KOR,2000,Gold,12
KOR,2000,Silver,26
KOR,2004,Bronze,10
KOR,2004,Gold,14
KOR,2004,Silver,28
KOR,2008,Bronze,26
KOR,2008,Gold,41
KOR,2008,Silver,11
KOR,2012,Bronze,32
KOR,2012,Gold,18
KOR,2012,Silver,13
KSA,2000,Bronze,1
KSA,2000,Silver,1
KSA,2012,Bronze,4
KUW,2000,Bronze,1
KUW,2012,Bronze,1
LAT,1932,Silver,1
LAT,1936,Bronze,1
LAT,1936,Silver,1
LAT,1992,Bronze,1
LAT,1992,Silver,2
LAT,1996,Silver,1
LAT,2000,Bronze,1
LAT,2000,Gold,1
LAT,2000,Silver,1
LAT,2004,Silver,4
LAT,2008,Bronze,1
LAT,2008,Gold,1
LAT,2008,Silver,1
LAT,2012,Bronze,2
LAT,2012,Gold,1
LIB,1952,Bronze,1
LIB,1952,Silver,1
LIB,1972,Silver,1
LIB,1980,Bronze,1
LTU,1992,Bronze,12
LTU,1992,Gold,1
LTU,1996,Bronze,12
LTU,2000,Bronze,15
LTU,2000,Gold,2
LTU,2004,Gold,1
LTU,2004,Silver,2
LTU,2008,Bronze,3
LTU,2008,Silver,2
LTU,2012,Bronze,2
LTU,2012,Gold,2
LTU,2012,Silver,1
LUX,1920,Silver,1
LUX,1952,Gold,1
MAR,1960,Silver,1
MAR,1984,Gold,2
MAR,1988,Bronze,2
MAR,1988,Gold,1
MAR,1992,Bronze,1
MAR,1992,Gold,1
MAR,1992,Silver,1
MAR,1996,Bronze,2
MAR,2000,Bronze,4
MAR,2000,Silver,1
MAR,2004,Gold,2
MAR,2004,Silver,1
MAR,2008,Bronze,1
MAR,2008,Silver,1
MAR,2012,Bronze,1
MAS,1992,Bronze,2
MAS,1996,Bronze,1
MAS,1996,Silver,2
MAS,2008,Silver,1
MAS,2012,Bronze,1
MAS,2012,Silver,1
MDA,1996,Bronze,1
MDA,1996,Silver,2
MDA,2000,Bronze,1
MDA,2000,Silver,1
MDA,2008,Bronze,1
MEX,1932,Silver,2
MEX,1936,Bronze,16
MEX,1948,Bronze,4
MEX,1948,Gold,4
MEX,1948,Silver,1
MEX,1952,Silver,1
MEX,1956,Bronze,1
MEX,1956,Gold,1
MEX,1960,Bronze,1
MEX,1964,Bronze,1
MEX,1968,Bronze,3
MEX,1968,Gold,3
MEX,1968,Silver,3
MEX,1972,Silver,1
MEX,1976,Bronze,1
MEX,1976,Gold,1
MEX,1980,Bronze,11
MEX,1980,Silver,1
MEX,1984,Bronze,1
MEX,1984,Gold,2
MEX,1984,Silver,3
MEX,1988,Bronze,2
MEX,1992,Silver,1
MEX,1996,Bronze,1
MEX,2000,Bronze,3
MEX,2000,Gold,1
MEX,2000,Silver,2
MEX,2004,Bronze,1
MEX,2004,Silver,3
MEX,2008,Bronze,2
MEX,2008,Gold,2
MEX,2012,Bronze,3
MEX,2012,Gold,18
MEX,2012,Silver,5
MGL,1968,Bronze,3
MGL,1968,Silver,1
MGL,1972,Silver,1
MGL,1976,Silver,1
MGL,1980,Bronze,2
MGL,1980,Silver,2
MGL,1988,Bronze,1
MGL,1992,Bronze,2
MGL,1996,Bronze,1
MGL,2004,Bronze,1
MGL,2008,Gold,2
MGL,2008,Silver,2
MGL,2012,Bronze,3
MGL,2012,Silver,2
MKD,2000,Bronze,1
MNE,2012,Silver,14
MOZ,1996,Bronze,1
MOZ,2000,Gold,1
MRI,2008,Bronze,1
NAM,1992,Silver,2
NAM,1996,Silver,2
NED,1900,Bronze,15
NED,1900,Silver,5
NED,1908,Bronze,11
NED,1912,Bronze,22
NED,1920,Bronze,24
NED,1920,Gold,14
NED,1920,Silver,10
NED,1924,Bronze,17
NED,1924,Gold,8
NED,1924,Silver,1
NED,1928,Bronze,6
NED,1928,Gold,20
NED,1928,Silver,39
NED,1932,Gold,2
NED,1932,Silver,10
NED,1936,Bronze,21
NED,1936,Gold,9
NED,1936,Silver,7
NED,1948,Bronze,32
NED,1948,Gold,8
NED,1948,Silver,2
NED,1952,Silver,18
NED,1960,Bronze,2
NED,1960,Silver,1
NED,1964,Bronze,16
NED,1964,Gold,5
NED,1964,Silver,9
NED,1968,Bronze,1
NED,1968,Gold,6
NED,1968,Silver,7
NED,1972,Bronze,2
NED,1972,Gold,3
NED,1972,Silver,1
NED,1976,Bronze,13
NED,1976,Silver,2
NED,1980,Bronze,5
NED,1980,Silver,1
NED,1984,Bronze,14
NED,1984,Gold,20
NED,1984,Silver,6
NED,1988,Bronze,36
NED,1988,Gold,3
NED,1988,Silver,5
NED,1992,Bronze,8
NED,1992,Gold,5
NED,1992,Silver,20
NED,1996,Bronze,26
NED,1996,Gold,38
NED,1996,Silver,9
NED,2000,Bronze,23
NED,2000,Gold,27
NED,2000,Silver,29
NED,2004,Bronze,22
NED,2004,Gold,4
NED,2004,Silver,50
NED,2008,Bronze,4
NED,2008,Gold,40
NED,2008,Silver,18
NED,2012,Bronze,19
NED,2012,Gold,21
NED,2012,Silver,29
NGR,1964,Bronze,1
NGR,1972,Bronze,1
NGR,1984,Bronze,4
NGR,1984,Silver,1
NGR,1992,Bronze,4
NGR,1992,Silver,7
NGR,1996,Bronze,3
NGR,1996,Gold,19
NGR,1996,Silver,4
NGR,2000,Silver,8
NGR,2004,Bronze,8
NGR,2008,Bronze,6
NGR,2008,Silver,18
NIG,1972,Bronze,1
NOR,1900,Bronze,3
NOR,1900,Silver,6
NOR,1908,Bronze,3
NOR,1908,Gold,7
NOR,1908,Silver,34
NOR,1912,Bronze,29
NOR,1912,Gold,41
NOR,1912,Silver,6
NOR,1920,Bronze,27
NOR,1920,Gold,58
NOR,1920,Silver,56
NOR,1924,Bronze,3
NOR,1924,Gold,16
NOR,1924,Silver,7
NOR,1928,Bronze,1
NOR,1928,Gold,4
NOR,1928,Silver,4
NOR,1936,Bronze,15
NOR,1936,Gold,1
NOR,1936,Silver,12
NOR,1948,Bronze,11
NOR,1948,Gold,3
NOR,1948,Silver,4
NOR,1952,Gold,5
NOR,1952,Silver,8
NOR,1956,Bronze,2
NOR,1956,Gold,1
NOR,1960,Gold,2
NOR,1968,Gold,4
NOR,1968,Silver,2
NOR,1972,Bronze,4
NOR,1972,Gold,2
NOR,1972,Silver,2
NOR,1976,Gold,2
NOR,1976,Silver,4
NOR,1984,Bronze,3
NOR,1984,Silver,1
NOR,1988,Gold,2
NOR,1988,Silver,21
NOR,1992,Bronze,1
NOR,1992,Gold,2
NOR,1992,Silver,20
NOR,1996,Bronze,20
NOR,1996,Gold,2
NOR,1996,Silver,3
NOR,2000,Bronze,19
NOR,2000,Gold,21
NOR,2000,Silver,4
NOR,2004,Bronze,2
NOR,2004,Gold,5
NOR,2008,Bronze,1
NOR,2008,Gold,16
NOR,2008,Silver,5
NOR,2012,Bronze,1
NOR,2012,Gold,15
NOR,2012,Silver,1
NZL,1920,Bronze,1
NZL,1924,Bronze,1
NZL,1928,Gold,1
NZL,1932,Silver,2
NZL,1936,Gold,1
NZL,1952,Bronze,2
NZL,1952,Gold,1
NZL,1956,Gold,3
NZL,1960,Bronze,1
NZL,1960,Gold,2
NZL,1964,Bronze,2
NZL,1964,Gold,4
NZL,1968,Bronze,2
NZL,1968,Gold,5
NZL,1972,Bronze,1
NZL,1972,Gold,9
NZL,1972,Silver,4
NZL,1976,Bronze,9
NZL,1976,Gold,17
NZL,1976,Silver,1
NZL,1984,Bronze,6
NZL,1984,Gold,16
NZL,1984,Silver,1
NZL,1988,Bronze,16
NZL,1988,Gold,4
NZL,1988,Silver,4
NZL,1992,Bronze,5
NZL,1992,Gold,1
NZL,1992,Silver,9
NZL,1996,Bronze,4
NZL,1996,Gold,3
NZL,1996,Silver,2
NZL,2000,Bronze,3
NZL,2000,Gold,1
NZL,2004,Gold,4
NZL,2004,Silver,2
NZL,2008,Bronze,8
NZL,2008,Gold,4
NZL,2008,Silver,2
NZL,2012,Bronze,14
NZL,2012,Gold,9
NZL,2012,Silver,3
PAK,1956,Silver,14
PAK,1960,Bronze,1
PAK,1960,Gold,13
PAK,1964,Silver,16
PAK,1968,Gold,13
PAK,1972,Silver,15
PAK,1976,Bronze,16
PAK,1984,Gold,16
PAK,1988,Bronze,1
PAK,1992,Bronze,16
PAN,1948,Bronze,2
PAN,2008,Gold,1
PAR,2004,Silver,17
PER,1948,Gold,1
PER,1984,Silver,1
PER,1988,Silver,12
PER,1992,Silver,1
PHI,1928,Bronze,1
PHI,1932,Bronze,3
PHI,1936,Bronze,1
PHI,1964,Silver,1
PHI,1988,Bronze,1
PHI,1992,Bronze,1
PHI,1996,Silver,1
POL,1924,Bronze,1
POL,1924,Silver,4
POL,1928,Bronze,14
POL,1928,Gold,1
POL,1928,Silver,3
POL,1932,Bronze,14
POL,1932,Gold,2
POL,1932,Silver,3
POL,1936,Bronze,4
POL,1936,Silver,5
POL,1948,Bronze,1
POL,1952,Bronze,1
POL,1952,Gold,1
POL,1952,Silver,2
POL,1956,Bronze,9
POL,1956,Gold,1
POL,1956,Silver,9
POL,1960,Bronze,15
POL,1960,Gold,4
POL,1960,Silver,11
POL,1964,Bronze,25
POL,1964,Gold,10
POL,1964,Silver,13
POL,1968,Bronze,30
POL,1968,Gold,5
POL,1968,Silver,2
POL,1972,Bronze,11
POL,1972,Gold,27
POL,1972,Silver,8
POL,1976,Bronze,26
POL,1976,Gold,18
POL,1976,Silver,29
POL,1980,Bronze,22
POL,1980,Gold,3
POL,1980,Silver,25
POL,1988,Bronze,10
POL,1988,Gold,2
POL,1988,Silver,9
POL,1992,Bronze,19
POL,1992,Gold,5
POL,1992,Silver,18
POL,1996,Bronze,7
POL,1996,Gold,7
POL,1996,Silver,7
POL,2000,Bronze,7
POL,2000,Gold,7
POL,2000,Silver,10
POL,2004,Bronze,6
POL,2004,Gold,4
POL,2004,Silver,2
POL,2008,Bronze,1
POL,2008,Gold,6
POL,2008,Silver,13
POL,2012,Bronze,8
POL,2012,Gold,3
POL,2012,Silver,1
POR,1924,Bronze,3
POR,1936,Bronze,3
POR,1948,Bronze,3
POR,1948,Silver,2
POR,1952,Bronze,2
POR,1960,Silver,2
POR,1976,Silver,2
POR,1984,Bronze,2
POR,1984,Gold,1
POR,1988,Gold,1
POR,1996,Bronze,2
POR,1996,Gold,1
POR,2000,Bronze,2
POR,2004,Bronze,1
POR,2004,Silver,2
POR,2008,Gold,1
POR,2008,Silver,1
POR,2012,Silver,2
PRK,1972,Bronze,13
PRK,1972,Gold,1
PRK,1972,Silver,1
PRK,1976,Gold,1
PRK,1976,Silver,1
PRK,1980,Bronze,2
PRK,1980,Silver,3
PRK,1992,Bronze,6
PRK,1992,Gold,4
PRK,1996,Bronze,2
PRK,1996,Gold,2
PRK,1996,Silver,1
PRK,2000,Bronze,3
PRK,2000,Silver,1
PRK,2004,Bronze,1
PRK,2004,Silver,4
PRK,2008,Bronze,3
PRK,2008,Gold,2
PRK,2008,Silver,1
PRK,2012,Bronze,2
PRK,2012,Gold,4
PUR,1948,Bronze,1
PUR,1976,Bronze,1
PUR,1984,Bronze,1
PUR,1984,Silver,1
PUR,1992,Bronze,1
PUR,1996,Bronze,1
PUR,2012,Bronze,1
PUR,2012,Silver,1
QAT,1992,Bronze,1
QAT,2000,Bronze,1
QAT,2012,Bronze,2
ROU,1924,Bronze,23
ROU,1936,Silver,2
ROU,1952,Bronze,2
ROU,1952,Gold,1
ROU,1952,Silver,1
ROU,1956,Bronze,10
ROU,1956,Gold,6
ROU,1956,Silver,3
ROU,1960,Bronze,11
ROU,1960,Gold,3
ROU,1960,Silver,1
ROU,1964,Bronze,10
ROU,1964,Gold,2
ROU,1964,Silver,4
ROU,1968,Bronze,9
ROU,1968,Gold,5
ROU,1968,Silver,9
ROU,1972,Bronze,27
ROU,1972,Gold,3
ROU,1972,Silver,10
ROU,1976,Bronze,23
ROU,1976,Gold,4
ROU,1976,Silver,28
ROU,1980,Bronze,50
ROU,1980,Gold,7
ROU,1980,Silver,15
ROU,1984,Bronze,35
ROU,1984,Gold,40
ROU,1984,Silver,31
ROU,1988,Bronze,13
ROU,1988,Gold,8
ROU,1988,Silver,30
ROU,1992,Bronze,14
ROU,1992,Gold,8
ROU,1992,Silver,31
ROU,1996,Bronze,15
ROU,1996,Gold,13
ROU,1996,Silver,10
ROU,2000,Bronze,13
ROU,2000,Gold,27
ROU,2000,Silver,6
ROU,2004,Bronze,11
ROU,2004,Gold,23
ROU,2004,Silver,5
ROU,2008,Bronze,16
ROU,2008,Gold,5
ROU,2008,Silver,1
ROU,2012,Bronze,6
ROU,2012,Gold,2
ROU,2012,Silver,8
RSA,1908,Gold,1
RSA,1908,Silver,1
RSA,1912,Gold,5
RSA,1912,Silver,2
RSA,1920,Bronze,6
RSA,1920,Gold,3
RSA,1920,Silver,12
RSA,1924,Bronze,1
RSA,1924,Gold,1
RSA,1924,Silver,1
RSA,1928,Bronze,5
RSA,1928,Gold,1
RSA,1932,Bronze,3
RSA,1932,Gold,2
RSA,1936,Silver,1
RSA,1948,Bronze,1
RSA,1948,Gold,2
RSA,1948,Silver,1
RSA,1952,Bronze,4
RSA,1952,Gold,2
RSA,1952,Silver,8
RSA,1956,Bronze,7
RSA,1960,Bronze,2
RSA,1960,Silver,1
RSA,1992,Silver,3
RSA,1996,Bronze,1
RSA,1996,Gold,3
RSA,1996,Silver,1
RSA,2000,Bronze,3
RSA,2000,Silver,2
RSA,2004,Bronze,3
RSA,2004,Gold,4
RSA,2004,Silver,3
RSA,2008,Silver,1
RSA,2012,Bronze,1
RSA,2012,Gold,6
RSA,2012,Silver,2
RU1,1908,Gold,1
RU1,1908,Silver,2
RU1,1912,Bronze,9
RU1,1912,Silver,5
RUS,1996,Bronze,34
RUS,1996,Gold,36
RUS,1996,Silver,45
RUS,2000,Bronze,54
RUS,2000,Gold,66
RUS,2000,Silver,68
RUS,2004,Bronze,96
RUS,2004,Gold,47
RUS,2004,Silver,49
RUS,2008,Bronze,56
RUS,2008,Gold,43
RUS,2008,Silver,44
RUS,2012,Bronze,51
RUS,2012,Gold,47
RUS,2012,Silver,32
SCG,2004,Silver,14
SEN,1988,Silver,1
SGP,2012,Bronze,4
SIN,1960,Silver,1
SIN,2008,Silver,3
SLO,1992,Bronze,6
SLO,1996,Silver,2
SLO,2000,Gold,3
SLO,2004,Bronze,3
SLO,2004,Silver,2
SLO,2008,Bronze,2
SLO,2008,Gold,1
SLO,2008,Silver,2
SLO,2012,Bronze,3
SLO,2012,Gold,1
SLO,2012,Silver,1
SRB,2008,Bronze,14
SRB,2008,Silver,1
SRB,2012,Bronze,14
SRB,2012,Gold,1
SRB,2012,Silver,1
SRI,1948,Silver,1
SRI,2000,Silver,1
SUD,2008,Silver,1
SUI,1896,Gold,1
SUI,1896,Silver,2
SUI,1900,Bronze,1
SUI,1900,Gold,13
SUI,1900,Silver,1
SUI,1904,Bronze,1
SUI,1904,Gold,1
SUI,1920,Bronze,21
SUI,1920,Gold,6
SUI,1920,Silver,2
SUI,1924,Bronze,21
SUI,1924,Gold,13
SUI,1924,Silver,31
SUI,1928,Bronze,5
SUI,1928,Gold,16
SUI,1928,Silver,8
SUI,1932,Silver,1
SUI,1936,Bronze,24
SUI,1936,Gold,1
SUI,1936,Silver,22
SUI,1948,Bronze,5
SUI,1948,Gold,5
SUI,1948,Silver,22
SUI,1952,Bronze,12
SUI,1952,Gold,2
SUI,1952,Silver,19
SUI,1956,Bronze,3
SUI,1960,Bronze,6
SUI,1960,Silver,5
SUI,1964,Bronze,1
SUI,1964,Gold,1
SUI,1964,Silver,4
SUI,1968,Bronze,10
SUI,1968,Silver,3
SUI,1972,Silver,8
SUI,1976,Bronze,6
SUI,1976,Gold,1
SUI,1976,Silver,3
SUI,1980,Gold,2
SUI,1984,Bronze,6
SUI,1984,Silver,9
SUI,1988,Bronze,2
SUI,1988,Silver,6
SUI,1992,Gold,1
SUI,1996,Gold,5
SUI,1996,Silver,6
SUI,2000,Bronze,2
SUI,2000,Gold,1
SUI,2000,Silver,11
SUI,2004,Bronze,4
SUI,2004,Gold,1
SUI,2004,Silver,2
SUI,2008,Bronze,8
SUI,2008,Gold,3
SUI,2012,Gold,2
SUI,2012,Silver,2
SUR,1988,Gold,1
SUR,1992,Bronze,1
SVK,1996,Bronze,1
SVK,1996,Gold,1
SVK,1996,Silver,1
SVK,2000,Bronze,1
SVK,2000,Gold,2
SVK,2000,Silver,3
SVK,2004,Bronze,5
SVK,2004,Gold,3
SVK,2004,Silver,2
SVK,2008,Bronze,1
SVK,2008,Gold,4
SVK,2008,Silver,5
SVK,2012,Bronze,4
SVK,2012,Silver,1
SWE,1900,Bronze,1
SWE,1908,Bronze,11
SWE,1908,Gold,69
SWE,1908,Silver,18
SWE,1912,Bronze,25
SWE,1912,Gold,86
SWE,1912,Silver,62
SWE,1920,Bronze,57
SWE,1920,Gold,53
SWE,1920,Silver,36
SWE,1924,Bronze,49
SWE,1924,Gold,6
SWE,1924,Silver,25
SWE,1928,Bronze,21
SWE,1928,Gold,7
SWE,1928,Silver,8
SWE,1932,Bronze,12
SWE,1932,Gold,12
SWE,1932,Silver,7
SWE,1936,Bronze,16
SWE,1936,Gold,7
SWE,1936,Silver,11
SWE,1948,Bronze,29
SWE,1948,Gold,29
SWE,1948,Silver,15
SWE,1952,Bronze,23
SWE,1952,Gold,23
SWE,1952,Silver,24
SWE,1956,Bronze,6
SWE,1956,Gold,14
SWE,1956,Silver,14
SWE,1960,Bronze,3
SWE,1960,Gold,2
SWE,1960,Silver,2
SWE,1964,Bronze,8
SWE,1964,Gold,3
SWE,1964,Silver,4
SWE,1968,Bronze,1
SWE,1968,Gold,4
SWE,1968,Silver,4
SWE,1972,Bronze,8
SWE,1972,Gold,4
SWE,1972,Silver,9
SWE,1976,Gold,9
SWE,1976,Silver,1
SWE,1980,Bronze,9
SWE,1980,Gold,3
SWE,1980,Silver,6
SWE,1984,Bronze,11
SWE,1984,Gold,3
SWE,1984,Silver,18
SWE,1988,Bronze,11
SWE,1988,Silver,5
SWE,1992,Bronze,7
SWE,1992,Gold,1
SWE,1992,Silver,27
SWE,1996,Bronze,5
SWE,1996,Gold,3
SWE,1996,Silver,23
SWE,2000,Bronze,8
SWE,2000,Gold,4
SWE,2000,Silver,20
SWE,2004,Bronze,2
SWE,2004,Gold,5
SWE,2004,Silver,5
SWE,2008,Bronze,2
SWE,2008,Silver,5
SWE,2012,Bronze,3
SWE,2012,Gold,2
SWE,2012,Silver,18
SYR,1984,Silver,1
SYR,1996,Gold,1
SYR,2004,Bronze,1
TAN,1980,Silver,2
TCH,1920,Bronze,10
TCH,1924,Bronze,5
TCH,1924,Gold,1
TCH,1924,Silver,4
TCH,1928,Bronze,2
TCH,1928,Gold,2
TCH,1928,Silver,12
TCH,1932,Bronze,1
TCH,1932,Gold,1
TCH,1932,Silver,2
TCH,1936,Gold,5
TCH,1936,Silver,12
TCH,1948,Bronze,3
TCH,1948,Gold,14
TCH,1948,Silver,3
TCH,1952,Bronze,10
TCH,1952,Gold,11
TCH,1952,Silver,4
TCH,1956,Bronze,1
TCH,1956,Gold,1
TCH,1956,Silver,5
TCH,1960,Bronze,11
TCH,1960,Gold,4
TCH,1960,Silver,7
TCH,1964,Bronze,12
TCH,1964,Gold,5
TCH,1964,Silver,38
TCH,1968,Bronze,15
TCH,1968,Gold,7
TCH,1968,Silver,7
TCH,1972,Bronze,6
TCH,1972,Gold,2
TCH,1972,Silver,21
TCH,1976,Bronze,9
TCH,1976,Gold,2
TCH,1976,Silver,4
TCH,1980,Bronze,16
TCH,1980,Gold,18
TCH,1980,Silver,18
TCH,1988,Bronze,3
TCH,1988,Gold,3
TCH,1988,Silver,4
TCH,1992,Bronze,1
TCH,1992,Gold,4
TCH,1992,Silver,3
TGA,1996,Silver,1
THA,1976,Bronze,1
THA,1984,Silver,1
THA,1988,Bronze,1
THA,1992,Bronze,1
THA,1996,Bronze,1
THA,1996,Gold,1
THA,2000,Bronze,2
THA,2000,Gold,1
THA,2004,Bronze,4
THA,2004,Gold,3
THA,2004,Silver,1
THA,2008,Gold,2
THA,2008,Silver,2
THA,2012,Bronze,2
THA,2012,Silver,2
TJK,2008,Bronze,1
TJK,2008,Silver,1
TJK,2012,Bronze,1
TOG,2008,Bronze,1
TPE,1960,Silver,1
TPE,1968,Bronze,1
TPE,1984,Bronze,1
TPE,1992,Silver,20
TPE,1996,Silver,1
TPE,2000,Bronze,4
TPE,2000,Silver,1
TPE,2004,Bronze,3
TPE,2004,Gold,2
TPE,2004,Silver,4
TPE,2008,Bronze,4
TPE,2012,Bronze,1
TPE,2012,Gold,1
TRI,1948,Silver,1
TRI,1952,Bronze,2
TRI,1964,Bronze,5
TRI,1964,Silver,1
TRI,1976,Gold,1
TRI,1996,Bronze,2
TRI,2000,Bronze,1
TRI,2000,Silver,1
TRI,2004,Bronze,1
TRI,2008,Silver,5
TTO,2012,Bronze,5
TTO,2012,Gold,1
TTO,2012,Silver,4
TUN,1964,Bronze,1
TUN,1964,Silver,1
TUN,1968,Bronze,1
TUN,1968,Gold,1
TUN,1972,Silver,1
TUN,1996,Bronze,1
TUN,2008,Gold,1
TUN,2012,Bronze,1
TUN,2012,Gold,2
TUR,1936,Bronze,1
TUR,1936,Gold,1
TUR,1948,Bronze,2
TUR,1948,Gold,6
TUR,1948,Silver,4
TUR,1952,Bronze,1
TUR,1952,Gold,2
TUR,1956,Bronze,2
TUR,1956,Gold,3
TUR,1956,Silver,2
TUR,1960,Gold,7
TUR,1960,Silver,2
TUR,1964,Bronze,1
TUR,1964,Gold,2
TUR,1964,Silver,3
TUR,1968,Gold,2
TUR,1972,Silver,1
TUR,1984,Bronze,3
TUR,1988,Gold,1
TUR,1988,Silver,1
TUR,1992,Bronze,2
TUR,1992,Gold,2
TUR,1992,Silver,2
TUR,1996,Bronze,1
TUR,1996,Gold,4
TUR,1996,Silver,1
TUR,2000,Bronze,2
TUR,2000,Gold,3
TUR,2004,Bronze,4
TUR,2004,Gold,3
TUR,2004,Silver,3
TUR,2008,Bronze,3
TUR,2008,Gold,1
TUR,2008,Silver,4
TUR,2012,Bronze,1
TUR,2012,Gold,1
TUR,2012,Silver,2
UAE,2004,Gold,1
UGA,1968,Bronze,1
UGA,1968,Silver,1
UGA,1972,Gold,1
UGA,1972,Silver,1
UGA,1980,Silver,1
UGA,1996,Bronze,1
UGA,2012,Gold,1
UKR,1996,Bronze,19
UKR,1996,Gold,10
UKR,1996,Silver,5
UKR,2000,Bronze,12
UKR,2000,Gold,3
UKR,2000,Silver,20
UKR,2004,Bronze,31
UKR,2004,Gold,9
UKR,2004,Silver,8
UKR,2008,Bronze,16
UKR,2008,Gold,10
UKR,2008,Silver,5
UKR,2012,Bronze,12
UKR,2012,Gold,9
UKR,2012,Silver,4
URS,1952,Bronze,19
URS,1952,Gold,36
URS,1952,Silver,62
URS,1956,Bronze,55
URS,1956,Gold,68
URS,1956,Silver,46
URS,1960,Bronze,45
URS,1960,Gold,61
URS,1960,Silver,63
URS,1964,Bronze,50
URS,1964,Gold,61
URS,1964,Silver,63
URS,1968,Bronze,60
URS,1968,Gold,66
URS,1968,Silver,62
URS,1972,Bronze,58
URS,1972,Gold,107
URS,1972,Silver,46
URS,1976,Bronze,79
URS,1976,Gold,113
URS,1976,Silver,93
URS,1980,Bronze,123
URS,1980,Gold,192
URS,1980,Silver,127
URS,1988,Bronze,95
URS,1988,Gold,134
URS,1988,Silver,65
URU,1924,Gold,22
URU,1928,Gold,22
URU,1932,Bronze,1
URU,1948,Bronze,2
URU,1948,Silver,1
URU,1952,Bronze,14
URU,1956,Bronze,12
URU,1964,Bronze,1
URU,2000,Silver,1
USA,1896,Bronze,2
USA,1896,Gold,11
USA,1896,Silver,7
USA,1900,Bronze,14
USA,1900,Gold,27
USA,1900,Silver,14
USA,1904,Bronze,111
USA,1904,Gold,146
USA,1904,Silver,137
USA,1908,Bronze,15
USA,1908,Gold,34
USA,1908,Silver,14
USA,1912,Bronze,31
USA,1912,Gold,45
USA,1912,Silver,25
USA,1920,Bronze,38
USA,1920,Gold,110
USA,1920,Silver,45
USA,1924,Bronze,51
USA,1924,Gold,110
USA,1924,Silver,37
USA,1928,Bronze,17
USA,1928,Gold,43
USA,1928,Silver,24
USA,1932,Bronze,59
USA,1932,Gold,78
USA,1932,Silver,44
USA,1936,Bronze,15
USA,1936,Gold,51
USA,1936,Silver,26
USA,1948,Bronze,35
USA,1948,Gold,83
USA,1948,Silver,30
USA,1952,Bronze,28
USA,1952,Gold,79
USA,1952,Silver,23
USA,1956,Bronze,20
USA,1956,Gold,61
USA,1956,Silver,37
USA,1960,Bronze,21
USA,1960,Gold,68
USA,1960,Silver,23
USA,1964,Bronze,36
USA,1964,Gold,78
USA,1964,Silver,36
USA,1968,Bronze,35
USA,1968,Gold,83
USA,1968,Silver,31
USA,1972,Bronze,43
USA,1972,Gold,53
USA,1972,Silver,59
USA,1976,Bronze,36
USA,1976,Gold,63
USA,1976,Silver,56
USA,1984,Bronze,50
USA,1984,Gold,168
USA,1984,Silver,115
USA,1988,Bronze,52
USA,1988,Gold,77
USA,1988,Silver,64
USA,1992,Bronze,85
USA,1992,Gold,89
USA,1992,Silver,50
USA,1996,Bronze,52
USA,1996,Gold,160
USA,1996,Silver,48
USA,2000,Bronze,52
USA,2000,Gold,130
USA,2000,Silver,66
USA,2004,Bronze,73
USA,2004,Gold,116
USA,2004,Silver,75
USA,2008,Bronze,81
USA,2008,Gold,125
USA,2008,Silver,109
USA,2012,Bronze,46
USA,2012,Gold,147
USA,2012,Silver,57
UZB,1996,Bronze,1
UZB,1996,Silver,1
UZB,2000,Bronze,2
UZB,2000,Gold,1
UZB,2000,Silver,1
UZB,2004,Bronze,2
UZB,2004,Gold,2
UZB,2004,Silver,1
UZB,2008,Bronze,3
UZB,2008,Gold,1
UZB,2008,Silver,2
UZB,2012,Bronze,2
UZB,2012,Gold,1
VEN,1952,Bronze,1
VEN,1960,Bronze,1
VEN,1968,Gold,1
VEN,1976,Silver,1
VEN,1980,Silver,1
VEN,1984,Bronze,3
VEN,2004,Bronze,2
VEN,2008,Bronze,1
VEN,2012,Gold,1
VIE,2000,Silver,1
VIE,2008,Silver,1
YUG,1924,Gold,2
YUG,1928,Bronze,10
YUG,1928,Gold,1
YUG,1928,Silver,1
YUG,1936,Silver,1
YUG,1948,Silver,16
YUG,1952,Gold,4
YUG,1952,Silver,20
YUG,1956,Silver,23
YUG,1960,Gold,16
YUG,1960,Silver,1
YUG,1964,Bronze,2
YUG,1964,Gold,2
YUG,1964,Silver,11
YUG,1968,Bronze,2
YUG,1968,Gold,13
YUG,1968,Silver,14
YUG,1972,Bronze,2
YUG,1972,Gold,15
YUG,1972,Silver,1
YUG,1976,Bronze,3
YUG,1976,Gold,2
YUG,1976,Silver,14
YUG,1980,Bronze,17
YUG,1980,Gold,13
YUG,1980,Silver,27
YUG,1984,Bronze,35
YUG,1984,Gold,47
YUG,1984,Silver,5
YUG,1988,Bronze,21
YUG,1988,Gold,15
YUG,1988,Silver,27
YUG,1996,Bronze,13
YUG,1996,Gold,1
YUG,1996,Silver,12
YUG,2000,Bronze,13
YUG,2000,Gold,12
YUG,2000,Silver,1
ZAM,1984,Bronze,1
ZAM,1996,Silver,1
ZIM,1980,Gold,16
ZIM,2004,Bronze,1
ZIM,2004,Gold,1
ZIM,2004,Silver,1
ZIM,2008,Gold,1
ZIM,2008,Silver,3
ZZX,1896,Bronze,2
ZZX,1896,Gold,2
ZZX,1896,Silver,2
ZZX,1900,Bronze,8
ZZX,1900,Gold,18
ZZX,1900,Silver,8
ZZX,1904,Gold,3
ZZX,1904,Silver,5
